Periods,aantal,year,week,special,deaths
1995 week 1,2719.0,1995,1,,2719.0
1995 week 2,2823.0,1995,2,,2823.0
1995 week 3,2609.0,1995,3,,2609.0
1995 week 4,2664.0,1995,4,,2664.0
1995 week 5,2577.0,1995,5,,2577.0
1995 week 6,2536.0,1995,6,,2536.0
1995 week 7,2551.0,1995,7,,2551.0
1995 week 8,2510.0,1995,8,,2510.0
1995 week 9,2490.0,1995,9,,2490.0
1995 week 10,2770.0,1995,10,,2770.0
1995 week 11,2800.0,1995,11,,2800.0
1995 week 12,2786.0,1995,12,,2786.0
1995 week 13,2634.0,1995,13,,2634.0
1995 week 14,2717.0,1995,14,,2717.0
1995 week 15,2645.0,1995,15,,2645.0
1995 week 16,2691.0,1995,16,,2691.0
1995 week 17,2645.0,1995,17,,2645.0
1995 week 18,2628.0,1995,18,,2628.0
1995 week 19,2486.0,1995,19,,2486.0
1995 week 20,2482.0,1995,20,,2482.0
1995 week 21,2468.0,1995,21,,2468.0
1995 week 22,2485.0,1995,22,,2485.0
1995 week 23,2319.0,1995,23,,2319.0
1995 week 24,2352.0,1995,24,,2352.0
1995 week 25,2498.0,1995,25,,2498.0
1995 week 26,2663.0,1995,26,,2663.0
1995 week 27,2489.0,1995,27,,2489.0
1995 week 28,2808.0,1995,28,,2808.0
1995 week 29,2451.0,1995,29,,2451.0
1995 week 30,2466.0,1995,30,,2466.0
1995 week 31,2744.0,1995,31,,2744.0
1995 week 32,2473.0,1995,32,,2473.0
1995 week 33,2380.0,1995,33,,2380.0
1995 week 34,2427.0,1995,34,,2427.0
1995 week 35,2278.0,1995,35,,2278.0
1995 week 36,2362.0,1995,36,,2362.0
1995 week 37,2348.0,1995,37,,2348.0
1995 week 38,2437.0,1995,38,,2437.0
1995 week 39,2366.0,1995,39,,2366.0
1995 week 40,2525.0,1995,40,,2525.0
1995 week 41,2600.0,1995,41,,2600.0
1995 week 42,2417.0,1995,42,,2417.0
1995 week 43,2455.0,1995,43,,2455.0
1995 week 44,2573.0,1995,44,,2573.0
1995 week 45,2533.0,1995,45,,2533.0
1995 week 46,2691.0,1995,46,,2691.0
1995 week 47,2613.0,1995,47,,2613.0
1995 week 48,2646.0,1995,48,,2646.0
1995 week 49,2826.0,1995,49,,2826.0
1995 week 50,3098.0,1995,50,,3098.0
1995 week 51,3291.0,1995,51,,3291.0
1995 week 52,3436.0,1995,52,,3436.0
1996 week 1,3546.0,1996,1,,3546.0
1996 week 2,3257.0,1996,2,,3257.0
1996 week 3,2970.0,1996,3,,2970.0
1996 week 4,2855.0,1996,4,,2855.0
1996 week 5,2992.0,1996,5,,2992.0
1996 week 6,3089.0,1996,6,,3089.0
1996 week 7,3046.0,1996,7,,3046.0
1996 week 8,2887.0,1996,8,,2887.0
1996 week 9,2878.0,1996,9,,2878.0
1996 week 10,2714.0,1996,10,,2714.0
1996 week 11,2807.0,1996,11,,2807.0
1996 week 12,2784.0,1996,12,,2784.0
1996 week 13,2727.0,1996,13,,2727.0
1996 week 14,2765.0,1996,14,,2765.0
1996 week 15,2642.0,1996,15,,2642.0
1996 week 16,2856.0,1996,16,,2856.0
1996 week 17,2703.0,1996,17,,2703.0
1996 week 18,2498.0,1996,18,,2498.0
1996 week 19,2519.0,1996,19,,2519.0
1996 week 20,2598.0,1996,20,,2598.0
1996 week 21,2514.0,1996,21,,2514.0
1996 week 22,2523.0,1996,22,,2523.0
1996 week 23,2752.0,1996,23,,2752.0
1996 week 24,2506.0,1996,24,,2506.0
1996 week 25,2366.0,1996,25,,2366.0
1996 week 26,2376.0,1996,26,,2376.0
1996 week 27,2433.0,1996,27,,2433.0
1996 week 28,2490.0,1996,28,,2490.0
1996 week 29,2467.0,1996,29,,2467.0
1996 week 30,2500.0,1996,30,,2500.0
1996 week 31,2285.0,1996,31,,2285.0
1996 week 32,2449.0,1996,32,,2449.0
1996 week 33,2357.0,1996,33,,2357.0
1996 week 34,2364.0,1996,34,,2364.0
1996 week 35,2273.0,1996,35,,2273.0
1996 week 36,2150.0,1996,36,,2150.0
1996 week 37,2275.0,1996,37,,2275.0
1996 week 38,2523.0,1996,38,,2523.0
1996 week 39,2582.0,1996,39,,2582.0
1996 week 40,2467.0,1996,40,,2467.0
1996 week 41,2417.0,1996,41,,2417.0
1996 week 42,2377.0,1996,42,,2377.0
1996 week 43,2465.0,1996,43,,2465.0
1996 week 44,2404.0,1996,44,,2404.0
1996 week 45,2513.0,1996,45,,2513.0
1996 week 46,2537.0,1996,46,,2537.0
1996 week 47,2636.0,1996,47,,2636.0
1996 week 48,2591.0,1996,48,,2591.0
1996 week 49,2604.0,1996,49,,2604.0
1996 week 50,2708.0,1996,50,,2708.0
1996 week 51,2773.0,1996,51,,2773.0
1996 week 52,2893.0,1996,52,,2893.0
1997 week 1 (5 days),2268.0,1997,1, (5 days),3126.0
1997 week 2,3290.0,1997,2,,3290.0
1997 week 3,3249.0,1997,3,,3249.0
1997 week 4,3185.0,1997,4,,3185.0
1997 week 5,3061.0,1997,5,,3061.0
1997 week 6,3012.0,1997,6,,3012.0
1997 week 7,2980.0,1997,7,,2980.0
1997 week 8,2807.0,1997,8,,2807.0
1997 week 9,2792.0,1997,9,,2792.0
1997 week 10,2640.0,1997,10,,2640.0
1997 week 11,2529.0,1997,11,,2529.0
1997 week 12,2467.0,1997,12,,2467.0
1997 week 13,2483.0,1997,13,,2483.0
1997 week 14,2546.0,1997,14,,2546.0
1997 week 15,2451.0,1997,15,,2451.0
1997 week 16,2455.0,1997,16,,2455.0
1997 week 17,2649.0,1997,17,,2649.0
1997 week 18,2646.0,1997,18,,2646.0
1997 week 19,2437.0,1997,19,,2437.0
1997 week 20,2611.0,1997,20,,2611.0
1997 week 21,2483.0,1997,21,,2483.0
1997 week 22,2426.0,1997,22,,2426.0
1997 week 23,2709.0,1997,23,,2709.0
1997 week 24,2555.0,1997,24,,2555.0
1997 week 25,2391.0,1997,25,,2391.0
1997 week 26,2372.0,1997,26,,2372.0
1997 week 27,2409.0,1997,27,,2409.0
1997 week 28,2486.0,1997,28,,2486.0
1997 week 29,2402.0,1997,29,,2402.0
1997 week 30,2369.0,1997,30,,2369.0
1997 week 31,2352.0,1997,31,,2352.0
1997 week 32,2434.0,1997,32,,2434.0
1997 week 33,2943.0,1997,33,,2943.0
1997 week 34,2809.0,1997,34,,2809.0
1997 week 35,2488.0,1997,35,,2488.0
1997 week 36,2307.0,1997,36,,2307.0
1997 week 37,2402.0,1997,37,,2402.0
1997 week 38,2433.0,1997,38,,2433.0
1997 week 39,2360.0,1997,39,,2360.0
1997 week 40,2386.0,1997,40,,2386.0
1997 week 41,2557.0,1997,41,,2557.0
1997 week 42,2441.0,1997,42,,2441.0
1997 week 43,2549.0,1997,43,,2549.0
1997 week 44,2450.0,1997,44,,2450.0
1997 week 45,2530.0,1997,45,,2530.0
1997 week 46,2408.0,1997,46,,2408.0
1997 week 47,2446.0,1997,47,,2446.0
1997 week 48,2663.0,1997,48,,2663.0
1997 week 49,2538.0,1997,49,,2538.0
1997 week 50,2670.0,1997,50,,2670.0
1997 week 51,2738.0,1997,51,,2738.0
1997 week 52,2595.0,1997,52,,2595.0
1998 week 1 (4 days),1551.0,1998,1, (4 days),2675.0
1998 week 2,2558.0,1998,2,,2558.0
1998 week 3,2418.0,1998,3,,2418.0
1998 week 4,2530.0,1998,4,,2530.0
1998 week 5,2691.0,1998,5,,2691.0
1998 week 6,2615.0,1998,6,,2615.0
1998 week 7,2695.0,1998,7,,2695.0
1998 week 8,2719.0,1998,8,,2719.0
1998 week 9,2627.0,1998,9,,2627.0
1998 week 10,2812.0,1998,10,,2812.0
1998 week 11,2876.0,1998,11,,2876.0
1998 week 12,2991.0,1998,12,,2991.0
1998 week 13,2984.0,1998,13,,2984.0
1998 week 14,3107.0,1998,14,,3107.0
1998 week 15,2910.0,1998,15,,2910.0
1998 week 16,2900.0,1998,16,,2900.0
1998 week 17,2768.0,1998,17,,2768.0
1998 week 18,2692.0,1998,18,,2692.0
1998 week 19,2598.0,1998,19,,2598.0
1998 week 20,2826.0,1998,20,,2826.0
1998 week 21,2588.0,1998,21,,2588.0
1998 week 22,2505.0,1998,22,,2505.0
1998 week 23,2368.0,1998,23,,2368.0
1998 week 24,2383.0,1998,24,,2383.0
1998 week 25,2545.0,1998,25,,2545.0
1998 week 26,2456.0,1998,26,,2456.0
1998 week 27,2451.0,1998,27,,2451.0
1998 week 28,2456.0,1998,28,,2456.0
1998 week 29,2408.0,1998,29,,2408.0
1998 week 30,2588.0,1998,30,,2588.0
1998 week 31,2409.0,1998,31,,2409.0
1998 week 32,2450.0,1998,32,,2450.0
1998 week 33,2514.0,1998,33,,2514.0
1998 week 34,2399.0,1998,34,,2399.0
1998 week 35,2343.0,1998,35,,2343.0
1998 week 36,2478.0,1998,36,,2478.0
1998 week 37,2430.0,1998,37,,2430.0
1998 week 38,2496.0,1998,38,,2496.0
1998 week 39,2524.0,1998,39,,2524.0
1998 week 40,2471.0,1998,40,,2471.0
1998 week 41,2484.0,1998,41,,2484.0
1998 week 42,2623.0,1998,42,,2623.0
1998 week 43,2537.0,1998,43,,2537.0
1998 week 44,2453.0,1998,44,,2453.0
1998 week 45,2570.0,1998,45,,2570.0
1998 week 46,2621.0,1998,46,,2621.0
1998 week 47,2697.0,1998,47,,2697.0
1998 week 48,2713.0,1998,48,,2713.0
1998 week 49,2866.0,1998,49,,2866.0
1998 week 50,3034.0,1998,50,,3034.0
1998 week 51,3058.0,1998,51,,3058.0
1998 week 52,2964.0,1998,52,,2964.0
1998 week 53 (4 days),1732.0,1998,53, (4 days),2982.0
1999 week 1,3106.0,1999,1,,3106.0
1999 week 2,3005.0,1999,2,,3005.0
1999 week 3,2918.0,1999,3,,2918.0
1999 week 4,2866.0,1999,4,,2866.0
1999 week 5,2972.0,1999,5,,2972.0
1999 week 6,3105.0,1999,6,,3105.0
1999 week 7,3123.0,1999,7,,3123.0
1999 week 8,3134.0,1999,8,,3134.0
1999 week 9,3241.0,1999,9,,3241.0
1999 week 10,3078.0,1999,10,,3078.0
1999 week 11,2797.0,1999,11,,2797.0
1999 week 12,2824.0,1999,12,,2824.0
1999 week 13,2713.0,1999,13,,2713.0
1999 week 14,2671.0,1999,14,,2671.0
1999 week 15,2533.0,1999,15,,2533.0
1999 week 16,2646.0,1999,16,,2646.0
1999 week 17,2636.0,1999,17,,2636.0
1999 week 18,2674.0,1999,18,,2674.0
1999 week 19,2507.0,1999,19,,2507.0
1999 week 20,2589.0,1999,20,,2589.0
1999 week 21,2561.0,1999,21,,2561.0
1999 week 22,2534.0,1999,22,,2534.0
1999 week 23,2575.0,1999,23,,2575.0
1999 week 24,2583.0,1999,24,,2583.0
1999 week 25,2462.0,1999,25,,2462.0
1999 week 26,2630.0,1999,26,,2630.0
1999 week 27,2485.0,1999,27,,2485.0
1999 week 28,2611.0,1999,28,,2611.0
1999 week 29,2548.0,1999,29,,2548.0
1999 week 30,2486.0,1999,30,,2486.0
1999 week 31,2753.0,1999,31,,2753.0
1999 week 32,2452.0,1999,32,,2452.0
1999 week 33,2450.0,1999,33,,2450.0
1999 week 34,2571.0,1999,34,,2571.0
1999 week 35,2459.0,1999,35,,2459.0
1999 week 36,2501.0,1999,36,,2501.0
1999 week 37,2527.0,1999,37,,2527.0
1999 week 38,2497.0,1999,38,,2497.0
1999 week 39,2458.0,1999,39,,2458.0
1999 week 40,2335.0,1999,40,,2335.0
1999 week 41,2403.0,1999,41,,2403.0
1999 week 42,2631.0,1999,42,,2631.0
1999 week 43,2663.0,1999,43,,2663.0
1999 week 44,2565.0,1999,44,,2565.0
1999 week 45,2583.0,1999,45,,2583.0
1999 week 46,2571.0,1999,46,,2571.0
1999 week 47,2631.0,1999,47,,2631.0
1999 week 48,2618.0,1999,48,,2618.0
1999 week 49,2791.0,1999,49,,2791.0
1999 week 50,2885.0,1999,50,,2885.0
1999 week 51,2974.0,1999,51,,2974.0
1999 week 52 (5 days),2306.0,1999,52, (5 days),3262.0
2000 week 1,3564.0,2000,1,,3564.0
2000 week 2,3438.0,2000,2,,3438.0
2000 week 3,3307.0,2000,3,,3307.0
2000 week 4,3203.0,2000,4,,3203.0
2000 week 5,2967.0,2000,5,,2967.0
2000 week 6,2835.0,2000,6,,2835.0
2000 week 7,2773.0,2000,7,,2773.0
2000 week 8,2869.0,2000,8,,2869.0
2000 week 9,2673.0,2000,9,,2673.0
2000 week 10,2690.0,2000,10,,2690.0
2000 week 11,2673.0,2000,11,,2673.0
2000 week 12,2533.0,2000,12,,2533.0
2000 week 13,2554.0,2000,13,,2554.0
2000 week 14,2690.0,2000,14,,2690.0
2000 week 15,2687.0,2000,15,,2687.0
2000 week 16,2705.0,2000,16,,2705.0
2000 week 17,2647.0,2000,17,,2647.0
2000 week 18,2554.0,2000,18,,2554.0
2000 week 19,2744.0,2000,19,,2744.0
2000 week 20,2698.0,2000,20,,2698.0
2000 week 21,2455.0,2000,21,,2455.0
2000 week 22,2513.0,2000,22,,2513.0
2000 week 23,2484.0,2000,23,,2484.0
2000 week 24,2452.0,2000,24,,2452.0
2000 week 25,2969.0,2000,25,,2969.0
2000 week 26,2632.0,2000,26,,2632.0
2000 week 27,2572.0,2000,27,,2572.0
2000 week 28,2469.0,2000,28,,2469.0
2000 week 29,2456.0,2000,29,,2456.0
2000 week 30,2505.0,2000,30,,2505.0
2000 week 31,2532.0,2000,31,,2532.0
2000 week 32,2488.0,2000,32,,2488.0
2000 week 33,2539.0,2000,33,,2539.0
2000 week 34,2416.0,2000,34,,2416.0
2000 week 35,2391.0,2000,35,,2391.0
2000 week 36,2506.0,2000,36,,2506.0
2000 week 37,2517.0,2000,37,,2517.0
2000 week 38,2501.0,2000,38,,2501.0
2000 week 39,2479.0,2000,39,,2479.0
2000 week 40,2578.0,2000,40,,2578.0
2000 week 41,2539.0,2000,41,,2539.0
2000 week 42,2571.0,2000,42,,2571.0
2000 week 43,2734.0,2000,43,,2734.0
2000 week 44,2652.0,2000,44,,2652.0
2000 week 45,2572.0,2000,45,,2572.0
2000 week 46,2644.0,2000,46,,2644.0
2000 week 47,2689.0,2000,47,,2689.0
2000 week 48,2773.0,2000,48,,2773.0
2000 week 49,2618.0,2000,49,,2618.0
2000 week 50,2737.0,2000,50,,2737.0
2000 week 51,2855.0,2000,51,,2855.0
2000 week 52,2929.0,2000,52,,2929.0
2001 week 1,3051.0,2001,1,,3051.0
2001 week 2,2852.0,2001,2,,2852.0
2001 week 3,2907.0,2001,3,,2907.0
2001 week 4,3031.0,2001,4,,3031.0
2001 week 5,2928.0,2001,5,,2928.0
2001 week 6,2861.0,2001,6,,2861.0
2001 week 7,2761.0,2001,7,,2761.0
2001 week 8,2685.0,2001,8,,2685.0
2001 week 9,2749.0,2001,9,,2749.0
2001 week 10,2896.0,2001,10,,2896.0
2001 week 11,2812.0,2001,11,,2812.0
2001 week 12,2837.0,2001,12,,2837.0
2001 week 13,2774.0,2001,13,,2774.0
2001 week 14,2794.0,2001,14,,2794.0
2001 week 15,2752.0,2001,15,,2752.0
2001 week 16,2590.0,2001,16,,2590.0
2001 week 17,2712.0,2001,17,,2712.0
2001 week 18,2685.0,2001,18,,2685.0
2001 week 19,2739.0,2001,19,,2739.0
2001 week 20,2759.0,2001,20,,2759.0
2001 week 21,2674.0,2001,21,,2674.0
2001 week 22,2722.0,2001,22,,2722.0
2001 week 23,2581.0,2001,23,,2581.0
2001 week 24,2721.0,2001,24,,2721.0
2001 week 25,2585.0,2001,25,,2585.0
2001 week 26,2683.0,2001,26,,2683.0
2001 week 27,2751.0,2001,27,,2751.0
2001 week 28,2475.0,2001,28,,2475.0
2001 week 29,2405.0,2001,29,,2405.0
2001 week 30,2519.0,2001,30,,2519.0
2001 week 31,2438.0,2001,31,,2438.0
2001 week 32,2450.0,2001,32,,2450.0
2001 week 33,2511.0,2001,33,,2511.0
2001 week 34,2648.0,2001,34,,2648.0
2001 week 35,2441.0,2001,35,,2441.0
2001 week 36,2482.0,2001,36,,2482.0
2001 week 37,2403.0,2001,37,,2403.0
2001 week 38,2577.0,2001,38,,2577.0
2001 week 39,2588.0,2001,39,,2588.0
2001 week 40,2607.0,2001,40,,2607.0
2001 week 41,2567.0,2001,41,,2567.0
2001 week 42,2701.0,2001,42,,2701.0
2001 week 43,2568.0,2001,43,,2568.0
2001 week 44,2519.0,2001,44,,2519.0
2001 week 45,2535.0,2001,45,,2535.0
2001 week 46,2674.0,2001,46,,2674.0
2001 week 47,2749.0,2001,47,,2749.0
2001 week 48,2757.0,2001,48,,2757.0
2001 week 49,2768.0,2001,49,,2768.0
2001 week 50,2797.0,2001,50,,2797.0
2001 week 51,2982.0,2001,51,,2982.0
2001 week 52,2900.0,2001,52,,2900.0
2002 week 1 (6 days),2522.0,2002,1, (6 days),2946.0
2002 week 2,3145.0,2002,2,,3145.0
2002 week 3,3032.0,2002,3,,3032.0
2002 week 4,3079.0,2002,4,,3079.0
2002 week 5,2938.0,2002,5,,2938.0
2002 week 6,2859.0,2002,6,,2859.0
2002 week 7,2778.0,2002,7,,2778.0
2002 week 8,2957.0,2002,8,,2957.0
2002 week 9,3231.0,2002,9,,3231.0
2002 week 10,3015.0,2002,10,,3015.0
2002 week 11,3088.0,2002,11,,3088.0
2002 week 12,2938.0,2002,12,,2938.0
2002 week 13,2903.0,2002,13,,2903.0
2002 week 14,2795.0,2002,14,,2795.0
2002 week 15,2874.0,2002,15,,2874.0
2002 week 16,2778.0,2002,16,,2778.0
2002 week 17,2780.0,2002,17,,2780.0
2002 week 18,2638.0,2002,18,,2638.0
2002 week 19,2590.0,2002,19,,2590.0
2002 week 20,2620.0,2002,20,,2620.0
2002 week 21,2555.0,2002,21,,2555.0
2002 week 22,2641.0,2002,22,,2641.0
2002 week 23,2658.0,2002,23,,2658.0
2002 week 24,2525.0,2002,24,,2525.0
2002 week 25,2665.0,2002,25,,2665.0
2002 week 26,2556.0,2002,26,,2556.0
2002 week 27,2568.0,2002,27,,2568.0
2002 week 28,2548.0,2002,28,,2548.0
2002 week 29,2500.0,2002,29,,2500.0
2002 week 30,2612.0,2002,30,,2612.0
2002 week 31,2792.0,2002,31,,2792.0
2002 week 32,2461.0,2002,32,,2461.0
2002 week 33,2497.0,2002,33,,2497.0
2002 week 34,2624.0,2002,34,,2624.0
2002 week 35,2362.0,2002,35,,2362.0
2002 week 36,2469.0,2002,36,,2469.0
2002 week 37,2456.0,2002,37,,2456.0
2002 week 38,2372.0,2002,38,,2372.0
2002 week 39,2434.0,2002,39,,2434.0
2002 week 40,2557.0,2002,40,,2557.0
2002 week 41,2518.0,2002,41,,2518.0
2002 week 42,2606.0,2002,42,,2606.0
2002 week 43,2712.0,2002,43,,2712.0
2002 week 44,2681.0,2002,44,,2681.0
2002 week 45,2666.0,2002,45,,2666.0
2002 week 46,2637.0,2002,46,,2637.0
2002 week 47,2720.0,2002,47,,2720.0
2002 week 48,2696.0,2002,48,,2696.0
2002 week 49,2676.0,2002,49,,2676.0
2002 week 50,3011.0,2002,50,,3011.0
2002 week 51,3023.0,2002,51,,3023.0
2002 week 52,3127.0,2002,52,,3127.0
2003 week 1 (5 days),2141.0,2003,1, (5 days),3011.0
2003 week 2,2987.0,2003,2,,2987.0
2003 week 3,2981.0,2003,3,,2981.0
2003 week 4,2963.0,2003,4,,2963.0
2003 week 5,2821.0,2003,5,,2821.0
2003 week 6,2745.0,2003,6,,2745.0
2003 week 7,2736.0,2003,7,,2736.0
2003 week 8,2923.0,2003,8,,2923.0
2003 week 9,3021.0,2003,9,,3021.0
2003 week 10,2991.0,2003,10,,2991.0
2003 week 11,2983.0,2003,11,,2983.0
2003 week 12,2898.0,2003,12,,2898.0
2003 week 13,2914.0,2003,13,,2914.0
2003 week 14,2948.0,2003,14,,2948.0
2003 week 15,2730.0,2003,15,,2730.0
2003 week 16,2924.0,2003,16,,2924.0
2003 week 17,2844.0,2003,17,,2844.0
2003 week 18,2577.0,2003,18,,2577.0
2003 week 19,2554.0,2003,19,,2554.0
2003 week 20,2560.0,2003,20,,2560.0
2003 week 21,2590.0,2003,21,,2590.0
2003 week 22,2610.0,2003,22,,2610.0
2003 week 23,2853.0,2003,23,,2853.0
2003 week 24,2487.0,2003,24,,2487.0
2003 week 25,2464.0,2003,25,,2464.0
2003 week 26,2541.0,2003,26,,2541.0
2003 week 27,2392.0,2003,27,,2392.0
2003 week 28,2436.0,2003,28,,2436.0
2003 week 29,2721.0,2003,29,,2721.0
2003 week 30,2553.0,2003,30,,2553.0
2003 week 31,2556.0,2003,31,,2556.0
2003 week 32,2773.0,2003,32,,2773.0
2003 week 33,2866.0,2003,33,,2866.0
2003 week 34,2496.0,2003,34,,2496.0
2003 week 35,2398.0,2003,35,,2398.0
2003 week 36,2487.0,2003,36,,2487.0
2003 week 37,2457.0,2003,37,,2457.0
2003 week 38,2661.0,2003,38,,2661.0
2003 week 39,2631.0,2003,39,,2631.0
2003 week 40,2531.0,2003,40,,2531.0
2003 week 41,2484.0,2003,41,,2484.0
2003 week 42,2586.0,2003,42,,2586.0
2003 week 43,2599.0,2003,43,,2599.0
2003 week 44,2743.0,2003,44,,2743.0
2003 week 45,2636.0,2003,45,,2636.0
2003 week 46,2581.0,2003,46,,2581.0
2003 week 47,2639.0,2003,47,,2639.0
2003 week 48,2643.0,2003,48,,2643.0
2003 week 49,2636.0,2003,49,,2636.0
2003 week 50,2898.0,2003,50,,2898.0
2003 week 51,3112.0,2003,51,,3112.0
2003 week 52,3201.0,2003,52,,3201.0
2004 week 1,1899.0,2004,1,,3333.0
2004 week 2,3333.0,2004,2,,3333.0
2004 week 3,3055.0,2004,3,,3055.0
2004 week 4,2921.0,2004,4,,2921.0
2004 week 5,2907.0,2004,5,,2907.0
2004 week 6,2751.0,2004,6,,2751.0
2004 week 7,2692.0,2004,7,,2692.0
2004 week 8,2746.0,2004,8,,2746.0
2004 week 9,2722.0,2004,9,,2722.0
2004 week 10,2720.0,2004,10,,2720.0
2004 week 11,2649.0,2004,11,,2649.0
2004 week 12,2740.0,2004,12,,2740.0
2004 week 13,2639.0,2004,13,,2639.0
2004 week 14,2743.0,2004,14,,2743.0
2004 week 15,2560.0,2004,15,,2560.0
2004 week 16,2648.0,2004,16,,2648.0
2004 week 17,2541.0,2004,17,,2541.0
2004 week 18,2548.0,2004,18,,2548.0
2004 week 19,2455.0,2004,19,,2455.0
2004 week 20,2563.0,2004,20,,2563.0
2004 week 21,2500.0,2004,21,,2500.0
2004 week 22,2509.0,2004,22,,2509.0
2004 week 23,2485.0,2004,23,,2485.0
2004 week 24,2680.0,2004,24,,2680.0
2004 week 25,2403.0,2004,25,,2403.0
2004 week 26,2442.0,2004,26,,2442.0
2004 week 27,2454.0,2004,27,,2454.0
2004 week 28,2493.0,2004,28,,2493.0
2004 week 29,2399.0,2004,29,,2399.0
2004 week 30,2372.0,2004,30,,2372.0
2004 week 31,2449.0,2004,31,,2449.0
2004 week 32,2642.0,2004,32,,2642.0
2004 week 33,2679.0,2004,33,,2679.0
2004 week 34,2414.0,2004,34,,2414.0
2004 week 35,2429.0,2004,35,,2429.0
2004 week 36,2414.0,2004,36,,2414.0
2004 week 37,2459.0,2004,37,,2459.0
2004 week 38,2405.0,2004,38,,2405.0
2004 week 39,2434.0,2004,39,,2434.0
2004 week 40,2558.0,2004,40,,2558.0
2004 week 41,2438.0,2004,41,,2438.0
2004 week 42,2497.0,2004,42,,2497.0
2004 week 43,2529.0,2004,43,,2529.0
2004 week 44,2578.0,2004,44,,2578.0
2004 week 45,2517.0,2004,45,,2517.0
2004 week 46,2537.0,2004,46,,2537.0
2004 week 47,2575.0,2004,47,,2575.0
2004 week 48,2567.0,2004,48,,2567.0
2004 week 49,2619.0,2004,49,,2619.0
2004 week 50,2607.0,2004,50,,2607.0
2004 week 51,2734.0,2004,51,,2734.0
2004 week 52,2836.0,2004,52,,2836.0
2004 week 53 (5 days),2067.0,2004,53, (5 days),2863.0
2005 week 1,2871.0,2005,1,,2871.0
2005 week 2,2808.0,2005,2,,2808.0
2005 week 3,2845.0,2005,3,,2845.0
2005 week 4,2813.0,2005,4,,2813.0
2005 week 5,2906.0,2005,5,,2906.0
2005 week 6,3001.0,2005,6,,3001.0
2005 week 7,3094.0,2005,7,,3094.0
2005 week 8,3197.0,2005,8,,3197.0
2005 week 9,3351.0,2005,9,,3351.0
2005 week 10,3277.0,2005,10,,3277.0
2005 week 11,3089.0,2005,11,,3089.0
2005 week 12,2961.0,2005,12,,2961.0
2005 week 13,2765.0,2005,13,,2765.0
2005 week 14,2670.0,2005,14,,2670.0
2005 week 15,2615.0,2005,15,,2615.0
2005 week 16,2566.0,2005,16,,2566.0
2005 week 17,2530.0,2005,17,,2530.0
2005 week 18,2564.0,2005,18,,2564.0
2005 week 19,2572.0,2005,19,,2572.0
2005 week 20,2574.0,2005,20,,2574.0
2005 week 21,2662.0,2005,21,,2662.0
2005 week 22,2460.0,2005,22,,2460.0
2005 week 23,2377.0,2005,23,,2377.0
2005 week 24,2539.0,2005,24,,2539.0
2005 week 25,2782.0,2005,25,,2782.0
2005 week 26,2509.0,2005,26,,2509.0
2005 week 27,2302.0,2005,27,,2302.0
2005 week 28,2382.0,2005,28,,2382.0
2005 week 29,2326.0,2005,29,,2326.0
2005 week 30,2318.0,2005,30,,2318.0
2005 week 31,2314.0,2005,31,,2314.0
2005 week 32,2244.0,2005,32,,2244.0
2005 week 33,2394.0,2005,33,,2394.0
2005 week 34,2361.0,2005,34,,2361.0
2005 week 35,2423.0,2005,35,,2423.0
2005 week 36,2392.0,2005,36,,2392.0
2005 week 37,2323.0,2005,37,,2323.0
2005 week 38,2219.0,2005,38,,2219.0
2005 week 39,2342.0,2005,39,,2342.0
2005 week 40,2397.0,2005,40,,2397.0
2005 week 41,2416.0,2005,41,,2416.0
2005 week 42,2524.0,2005,42,,2524.0
2005 week 43,2499.0,2005,43,,2499.0
2005 week 44,2322.0,2005,44,,2322.0
2005 week 45,2417.0,2005,45,,2417.0
2005 week 46,2489.0,2005,46,,2489.0
2005 week 47,2692.0,2005,47,,2692.0
2005 week 48,2669.0,2005,48,,2669.0
2005 week 49,2705.0,2005,49,,2705.0
2005 week 50,2714.0,2005,50,,2714.0
2005 week 51,2676.0,2005,51,,2676.0
2005 week 52 (6 days),2348.0,2005,52, (6 days),2700.0
2006 week 1,2746.0,2006,1,,2746.0
2006 week 2,2834.0,2006,2,,2834.0
2006 week 3,2770.0,2006,3,,2770.0
2006 week 4,2747.0,2006,4,,2747.0
2006 week 5,2838.0,2006,5,,2838.0
2006 week 6,2819.0,2006,6,,2819.0
2006 week 7,2841.0,2006,7,,2841.0
2006 week 8,2856.0,2006,8,,2856.0
2006 week 9,2880.0,2006,9,,2880.0
2006 week 10,2920.0,2006,10,,2920.0
2006 week 11,2762.0,2006,11,,2762.0
2006 week 12,2920.0,2006,12,,2920.0
2006 week 13,2867.0,2006,13,,2867.0
2006 week 14,2646.0,2006,14,,2646.0
2006 week 15,2743.0,2006,15,,2743.0
2006 week 16,2684.0,2006,16,,2684.0
2006 week 17,2576.0,2006,17,,2576.0
2006 week 18,2559.0,2006,18,,2559.0
2006 week 19,2591.0,2006,19,,2591.0
2006 week 20,2450.0,2006,20,,2450.0
2006 week 21,2349.0,2006,21,,2349.0
2006 week 22,2404.0,2006,22,,2404.0
2006 week 23,2511.0,2006,23,,2511.0
2006 week 24,2682.0,2006,24,,2682.0
2006 week 25,2526.0,2006,25,,2526.0
2006 week 26,2390.0,2006,26,,2390.0
2006 week 27,2722.0,2006,27,,2722.0
2006 week 28,2508.0,2006,28,,2508.0
2006 week 29,2829.0,2006,29,,2829.0
2006 week 30,3046.0,2006,30,,3046.0
2006 week 31,2352.0,2006,31,,2352.0
2006 week 32,2332.0,2006,32,,2332.0
2006 week 33,2342.0,2006,33,,2342.0
2006 week 34,2396.0,2006,34,,2396.0
2006 week 35,2375.0,2006,35,,2375.0
2006 week 36,2379.0,2006,36,,2379.0
2006 week 37,2633.0,2006,37,,2633.0
2006 week 38,2382.0,2006,38,,2382.0
2006 week 39,2292.0,2006,39,,2292.0
2006 week 40,2278.0,2006,40,,2278.0
2006 week 41,2301.0,2006,41,,2301.0
2006 week 42,2394.0,2006,42,,2394.0
2006 week 43,2407.0,2006,43,,2407.0
2006 week 44,2370.0,2006,44,,2370.0
2006 week 45,2555.0,2006,45,,2555.0
2006 week 46,2559.0,2006,46,,2559.0
2006 week 47,2550.0,2006,47,,2550.0
2006 week 48,2592.0,2006,48,,2592.0
2006 week 49,2542.0,2006,49,,2542.0
2006 week 50,2564.0,2006,50,,2564.0
2006 week 51,2726.0,2006,51,,2726.0
2006 week 52,2683.0,2006,52,,2683.0
2007 week 1,2802.0,2007,1,,2802.0
2007 week 2,2837.0,2007,2,,2837.0
2007 week 3,2694.0,2007,3,,2694.0
2007 week 4,2680.0,2007,4,,2680.0
2007 week 5,2717.0,2007,5,,2717.0
2007 week 6,2718.0,2007,6,,2718.0
2007 week 7,2716.0,2007,7,,2716.0
2007 week 8,2706.0,2007,8,,2706.0
2007 week 9,2829.0,2007,9,,2829.0
2007 week 10,2828.0,2007,10,,2828.0
2007 week 11,2650.0,2007,11,,2650.0
2007 week 12,2642.0,2007,12,,2642.0
2007 week 13,2662.0,2007,13,,2662.0
2007 week 14,2528.0,2007,14,,2528.0
2007 week 15,2615.0,2007,15,,2615.0
2007 week 16,2547.0,2007,16,,2547.0
2007 week 17,2619.0,2007,17,,2619.0
2007 week 18,2493.0,2007,18,,2493.0
2007 week 19,2494.0,2007,19,,2494.0
2007 week 20,2360.0,2007,20,,2360.0
2007 week 21,2442.0,2007,21,,2442.0
2007 week 22,2381.0,2007,22,,2381.0
2007 week 23,2577.0,2007,23,,2577.0
2007 week 24,2422.0,2007,24,,2422.0
2007 week 25,2392.0,2007,25,,2392.0
2007 week 26,2366.0,2007,26,,2366.0
2007 week 27,2434.0,2007,27,,2434.0
2007 week 28,2412.0,2007,28,,2412.0
2007 week 29,2288.0,2007,29,,2288.0
2007 week 30,2354.0,2007,30,,2354.0
2007 week 31,2367.0,2007,31,,2367.0
2007 week 32,2464.0,2007,32,,2464.0
2007 week 33,2288.0,2007,33,,2288.0
2007 week 34,2371.0,2007,34,,2371.0
2007 week 35,2228.0,2007,35,,2228.0
2007 week 36,2323.0,2007,36,,2323.0
2007 week 37,2369.0,2007,37,,2369.0
2007 week 38,2276.0,2007,38,,2276.0
2007 week 39,2316.0,2007,39,,2316.0
2007 week 40,2378.0,2007,40,,2378.0
2007 week 41,2488.0,2007,41,,2488.0
2007 week 42,2531.0,2007,42,,2531.0
2007 week 43,2508.0,2007,43,,2508.0
2007 week 44,2599.0,2007,44,,2599.0
2007 week 45,2567.0,2007,45,,2567.0
2007 week 46,2587.0,2007,46,,2587.0
2007 week 47,2663.0,2007,47,,2663.0
2007 week 48,2804.0,2007,48,,2804.0
2007 week 49,2748.0,2007,49,,2748.0
2007 week 50,2722.0,2007,50,,2722.0
2007 week 51,2839.0,2007,51,,2839.0
2007 week 52,2964.0,2007,52,,2964.0
2008 week 1 (6 days),2532.0,2008,1, (6 days),2949.0
2008 week 2,3045.0,2008,2,,3045.0
2008 week 3,2928.0,2008,3,,2928.0
2008 week 4,2773.0,2008,4,,2773.0
2008 week 5,2733.0,2008,5,,2733.0
2008 week 6,2676.0,2008,6,,2676.0
2008 week 7,2703.0,2008,7,,2703.0
2008 week 8,2821.0,2008,8,,2821.0
2008 week 9,2775.0,2008,9,,2775.0
2008 week 10,2840.0,2008,10,,2840.0
2008 week 11,2718.0,2008,11,,2718.0
2008 week 12,2664.0,2008,12,,2664.0
2008 week 13,2700.0,2008,13,,2700.0
2008 week 14,2712.0,2008,14,,2712.0
2008 week 15,2643.0,2008,15,,2643.0
2008 week 16,2675.0,2008,16,,2675.0
2008 week 17,2585.0,2008,17,,2585.0
2008 week 18,2566.0,2008,18,,2566.0
2008 week 19,2718.0,2008,19,,2718.0
2008 week 20,2555.0,2008,20,,2555.0
2008 week 21,2544.0,2008,21,,2544.0
2008 week 22,2457.0,2008,22,,2457.0
2008 week 23,2394.0,2008,23,,2394.0
2008 week 24,2462.0,2008,24,,2462.0
2008 week 25,2391.0,2008,25,,2391.0
2008 week 26,2514.0,2008,26,,2514.0
2008 week 27,2507.0,2008,27,,2507.0
2008 week 28,2348.0,2008,28,,2348.0
2008 week 29,2413.0,2008,29,,2413.0
2008 week 30,2368.0,2008,30,,2368.0
2008 week 31,2572.0,2008,31,,2572.0
2008 week 32,2419.0,2008,32,,2419.0
2008 week 33,2312.0,2008,33,,2312.0
2008 week 34,2351.0,2008,34,,2351.0
2008 week 35,2320.0,2008,35,,2320.0
2008 week 36,2349.0,2008,36,,2349.0
2008 week 37,2350.0,2008,37,,2350.0
2008 week 38,2415.0,2008,38,,2415.0
2008 week 39,2363.0,2008,39,,2363.0
2008 week 40,2555.0,2008,40,,2555.0
2008 week 41,2383.0,2008,41,,2383.0
2008 week 42,2409.0,2008,42,,2409.0
2008 week 43,2460.0,2008,43,,2460.0
2008 week 44,2601.0,2008,44,,2601.0
2008 week 45,2504.0,2008,45,,2504.0
2008 week 46,2517.0,2008,46,,2517.0
2008 week 47,2507.0,2008,47,,2507.0
2008 week 48,2622.0,2008,48,,2622.0
2008 week 49,2693.0,2008,49,,2693.0
2008 week 50,2781.0,2008,50,,2781.0
2008 week 51,2812.0,2008,51,,2812.0
2008 week 52,2815.0,2008,52,,2815.0
2009 week 1 (4 days),1828.0,2009,1, (4 days),3094.0
2009 week 2,3215.0,2009,2,,3215.0
2009 week 3,3408.0,2009,3,,3408.0
2009 week 4,3218.0,2009,4,,3218.0
2009 week 5,3161.0,2009,5,,3161.0
2009 week 6,3165.0,2009,6,,3165.0
2009 week 7,2877.0,2009,7,,2877.0
2009 week 8,2854.0,2009,8,,2854.0
2009 week 9,2713.0,2009,9,,2713.0
2009 week 10,2599.0,2009,10,,2599.0
2009 week 11,2621.0,2009,11,,2621.0
2009 week 12,2619.0,2009,12,,2619.0
2009 week 13,2575.0,2009,13,,2575.0
2009 week 14,2639.0,2009,14,,2639.0
2009 week 15,2621.0,2009,15,,2621.0
2009 week 16,2617.0,2009,16,,2617.0
2009 week 17,2429.0,2009,17,,2429.0
2009 week 18,2369.0,2009,18,,2369.0
2009 week 19,2371.0,2009,19,,2371.0
2009 week 20,2450.0,2009,20,,2450.0
2009 week 21,2421.0,2009,21,,2421.0
2009 week 22,2434.0,2009,22,,2434.0
2009 week 23,2391.0,2009,23,,2391.0
2009 week 24,2446.0,2009,24,,2446.0
2009 week 25,2372.0,2009,25,,2372.0
2009 week 26,2331.0,2009,26,,2331.0
2009 week 27,2494.0,2009,27,,2494.0
2009 week 28,2378.0,2009,28,,2378.0
2009 week 29,2437.0,2009,29,,2437.0
2009 week 30,2302.0,2009,30,,2302.0
2009 week 31,2356.0,2009,31,,2356.0
2009 week 32,2348.0,2009,32,,2348.0
2009 week 33,2247.0,2009,33,,2247.0
2009 week 34,2346.0,2009,34,,2346.0
2009 week 35,2303.0,2009,35,,2303.0
2009 week 36,2300.0,2009,36,,2300.0
2009 week 37,2426.0,2009,37,,2426.0
2009 week 38,2390.0,2009,38,,2390.0
2009 week 39,2404.0,2009,39,,2404.0
2009 week 40,2393.0,2009,40,,2393.0
2009 week 41,2541.0,2009,41,,2541.0
2009 week 42,2478.0,2009,42,,2478.0
2009 week 43,2602.0,2009,43,,2602.0
2009 week 44,2565.0,2009,44,,2565.0
2009 week 45,2532.0,2009,45,,2532.0
2009 week 46,2568.0,2009,46,,2568.0
2009 week 47,2497.0,2009,47,,2497.0
2009 week 48,2436.0,2009,48,,2436.0
2009 week 49,2509.0,2009,49,,2509.0
2009 week 50,2489.0,2009,50,,2489.0
2009 week 51,2768.0,2009,51,,2768.0
2009 week 52,2811.0,2009,52,,2811.0
2009 week 53 (4 days),1571.0,2009,53, (4 days),2750.0
2010 week 1,2767.0,2010,1,,2767.0
2010 week 2,2830.0,2010,2,,2830.0
2010 week 3,2846.0,2010,3,,2846.0
2010 week 4,2865.0,2010,4,,2865.0
2010 week 5,2858.0,2010,5,,2858.0
2010 week 6,2831.0,2010,6,,2831.0
2010 week 7,2900.0,2010,7,,2900.0
2010 week 8,2929.0,2010,8,,2929.0
2010 week 9,2757.0,2010,9,,2757.0
2010 week 10,2760.0,2010,10,,2760.0
2010 week 11,2686.0,2010,11,,2686.0
2010 week 12,2687.0,2010,12,,2687.0
2010 week 13,2586.0,2010,13,,2586.0
2010 week 14,2472.0,2010,14,,2472.0
2010 week 15,2583.0,2010,15,,2583.0
2010 week 16,2581.0,2010,16,,2581.0
2010 week 17,2570.0,2010,17,,2570.0
2010 week 18,2536.0,2010,18,,2536.0
2010 week 19,2687.0,2010,19,,2687.0
2010 week 20,2525.0,2010,20,,2525.0
2010 week 21,2485.0,2010,21,,2485.0
2010 week 22,2567.0,2010,22,,2567.0
2010 week 23,2502.0,2010,23,,2502.0
2010 week 24,2372.0,2010,24,,2372.0
2010 week 25,2535.0,2010,25,,2535.0
2010 week 26,2580.0,2010,26,,2580.0
2010 week 27,2653.0,2010,27,,2653.0
2010 week 28,2499.0,2010,28,,2499.0
2010 week 29,2443.0,2010,29,,2443.0
2010 week 30,2314.0,2010,30,,2314.0
2010 week 31,2289.0,2010,31,,2289.0
2010 week 32,2381.0,2010,32,,2381.0
2010 week 33,2464.0,2010,33,,2464.0
2010 week 34,2277.0,2010,34,,2277.0
2010 week 35,2416.0,2010,35,,2416.0
2010 week 36,2433.0,2010,36,,2433.0
2010 week 37,2523.0,2010,37,,2523.0
2010 week 38,2594.0,2010,38,,2594.0
2010 week 39,2498.0,2010,39,,2498.0
2010 week 40,2598.0,2010,40,,2598.0
2010 week 41,2543.0,2010,41,,2543.0
2010 week 42,2555.0,2010,42,,2555.0
2010 week 43,2609.0,2010,43,,2609.0
2010 week 44,2559.0,2010,44,,2559.0
2010 week 45,2542.0,2010,45,,2542.0
2010 week 46,2519.0,2010,46,,2519.0
2010 week 47,2542.0,2010,47,,2542.0
2010 week 48,2736.0,2010,48,,2736.0
2010 week 49,2832.0,2010,49,,2832.0
2010 week 50,2873.0,2010,50,,2873.0
2010 week 51,2830.0,2010,51,,2830.0
2010 week 52 (5 days),2060.0,2010,52, (5 days),2884.0
2011 week 1,2917.0,2011,1,,2917.0
2011 week 2,2819.0,2011,2,,2819.0
2011 week 3,2624.0,2011,3,,2624.0
2011 week 4,2620.0,2011,4,,2620.0
2011 week 5,2728.0,2011,5,,2728.0
2011 week 6,2675.0,2011,6,,2675.0
2011 week 7,2621.0,2011,7,,2621.0
2011 week 8,2651.0,2011,8,,2651.0
2011 week 9,2686.0,2011,9,,2686.0
2011 week 10,2714.0,2011,10,,2714.0
2011 week 11,2727.0,2011,11,,2727.0
2011 week 12,2686.0,2011,12,,2686.0
2011 week 13,2739.0,2011,13,,2739.0
2011 week 14,2592.0,2011,14,,2592.0
2011 week 15,2652.0,2011,15,,2652.0
2011 week 16,2694.0,2011,16,,2694.0
2011 week 17,2591.0,2011,17,,2591.0
2011 week 18,2543.0,2011,18,,2543.0
2011 week 19,2606.0,2011,19,,2606.0
2011 week 20,2551.0,2011,20,,2551.0
2011 week 21,2542.0,2011,21,,2542.0
2011 week 22,2477.0,2011,22,,2477.0
2011 week 23,2479.0,2011,23,,2479.0
2011 week 24,2489.0,2011,24,,2489.0
2011 week 25,2413.0,2011,25,,2413.0
2011 week 26,2535.0,2011,26,,2535.0
2011 week 27,2625.0,2011,27,,2625.0
2011 week 28,2513.0,2011,28,,2513.0
2011 week 29,2361.0,2011,29,,2361.0
2011 week 30,2431.0,2011,30,,2431.0
2011 week 31,2486.0,2011,31,,2486.0
2011 week 32,2356.0,2011,32,,2356.0
2011 week 33,2415.0,2011,33,,2415.0
2011 week 34,2381.0,2011,34,,2381.0
2011 week 35,2458.0,2011,35,,2458.0
2011 week 36,2520.0,2011,36,,2520.0
2011 week 37,2380.0,2011,37,,2380.0
2011 week 38,2447.0,2011,38,,2447.0
2011 week 39,2593.0,2011,39,,2593.0
2011 week 40,2474.0,2011,40,,2474.0
2011 week 41,2537.0,2011,41,,2537.0
2011 week 42,2551.0,2011,42,,2551.0
2011 week 43,2658.0,2011,43,,2658.0
2011 week 44,2653.0,2011,44,,2653.0
2011 week 45,2567.0,2011,45,,2567.0
2011 week 46,2691.0,2011,46,,2691.0
2011 week 47,2740.0,2011,47,,2740.0
2011 week 48,2782.0,2011,48,,2782.0
2011 week 49,2786.0,2011,49,,2786.0
2011 week 50,2915.0,2011,50,,2915.0
2011 week 51,2813.0,2011,51,,2813.0
2011 week 52 (6 days),2413.0,2011,52, (6 days),2824.0
2012 week 1,2930.0,2012,1,,2930.0
2012 week 2,2773.0,2012,2,,2773.0
2012 week 3,2785.0,2012,3,,2785.0
2012 week 4,2789.0,2012,4,,2789.0
2012 week 5,2815.0,2012,5,,2815.0
2012 week 6,3034.0,2012,6,,3034.0
2012 week 7,3089.0,2012,7,,3089.0
2012 week 8,3035.0,2012,8,,3035.0
2012 week 9,3061.0,2012,9,,3061.0
2012 week 10,2951.0,2012,10,,2951.0
2012 week 11,2891.0,2012,11,,2891.0
2012 week 12,2817.0,2012,12,,2817.0
2012 week 13,2793.0,2012,13,,2793.0
2012 week 14,2805.0,2012,14,,2805.0
2012 week 15,2757.0,2012,15,,2757.0
2012 week 16,2786.0,2012,16,,2786.0
2012 week 17,2773.0,2012,17,,2773.0
2012 week 18,2609.0,2012,18,,2609.0
2012 week 19,2653.0,2012,19,,2653.0
2012 week 20,2537.0,2012,20,,2537.0
2012 week 21,2727.0,2012,21,,2727.0
2012 week 22,2558.0,2012,22,,2558.0
2012 week 23,2585.0,2012,23,,2585.0
2012 week 24,2558.0,2012,24,,2558.0
2012 week 25,2574.0,2012,25,,2574.0
2012 week 26,2561.0,2012,26,,2561.0
2012 week 27,2639.0,2012,27,,2639.0
2012 week 28,2450.0,2012,28,,2450.0
2012 week 29,2422.0,2012,29,,2422.0
2012 week 30,2559.0,2012,30,,2559.0
2012 week 31,2372.0,2012,31,,2372.0
2012 week 32,2359.0,2012,32,,2359.0
2012 week 33,2548.0,2012,33,,2548.0
2012 week 34,2534.0,2012,34,,2534.0
2012 week 35,2370.0,2012,35,,2370.0
2012 week 36,2540.0,2012,36,,2540.0
2012 week 37,2474.0,2012,37,,2474.0
2012 week 38,2390.0,2012,38,,2390.0
2012 week 39,2640.0,2012,39,,2640.0
2012 week 40,2523.0,2012,40,,2523.0
2012 week 41,2681.0,2012,41,,2681.0
2012 week 42,2666.0,2012,42,,2666.0
2012 week 43,2522.0,2012,43,,2522.0
2012 week 44,2646.0,2012,44,,2646.0
2012 week 45,2691.0,2012,45,,2691.0
2012 week 46,2729.0,2012,46,,2729.0
2012 week 47,2727.0,2012,47,,2727.0
2012 week 48,2731.0,2012,48,,2731.0
2012 week 49,2772.0,2012,49,,2772.0
2012 week 50,2911.0,2012,50,,2911.0
2012 week 51,2860.0,2012,51,,2860.0
2012 week 52,3003.0,2012,52,,3003.0
2013 week 1,2550.0,2013,1,,2947.0
2013 week 2,3038.0,2013,2,,3038.0
2013 week 3,3011.0,2013,3,,3011.0
2013 week 4,3082.0,2013,4,,3082.0
2013 week 5,3192.0,2013,5,,3192.0
2013 week 6,3143.0,2013,6,,3143.0
2013 week 7,3033.0,2013,7,,3033.0
2013 week 8,3211.0,2013,8,,3211.0
2013 week 9,3170.0,2013,9,,3170.0
2013 week 10,3293.0,2013,10,,3293.0
2013 week 11,3039.0,2013,11,,3039.0
2013 week 12,3038.0,2013,12,,3038.0
2013 week 13,3067.0,2013,13,,3067.0
2013 week 14,2974.0,2013,14,,2974.0
2013 week 15,3059.0,2013,15,,3059.0
2013 week 16,2859.0,2013,16,,2859.0
2013 week 17,2727.0,2013,17,,2727.0
2013 week 18,2560.0,2013,18,,2560.0
2013 week 19,2652.0,2013,19,,2652.0
2013 week 20,2571.0,2013,20,,2571.0
2013 week 21,2499.0,2013,21,,2499.0
2013 week 22,2601.0,2013,22,,2601.0
2013 week 23,2577.0,2013,23,,2577.0
2013 week 24,2498.0,2013,24,,2498.0
2013 week 25,2539.0,2013,25,,2539.0
2013 week 26,2493.0,2013,26,,2493.0
2013 week 27,2533.0,2013,27,,2533.0
2013 week 28,2461.0,2013,28,,2461.0
2013 week 29,2488.0,2013,29,,2488.0
2013 week 30,2724.0,2013,30,,2724.0
2013 week 31,2486.0,2013,31,,2486.0
2013 week 32,2389.0,2013,32,,2389.0
2013 week 33,2442.0,2013,33,,2442.0
2013 week 34,2402.0,2013,34,,2402.0
2013 week 35,2436.0,2013,35,,2436.0
2013 week 36,2477.0,2013,36,,2477.0
2013 week 37,2311.0,2013,37,,2311.0
2013 week 38,2498.0,2013,38,,2498.0
2013 week 39,2369.0,2013,39,,2369.0
2013 week 40,2576.0,2013,40,,2576.0
2013 week 41,2604.0,2013,41,,2604.0
2013 week 42,2543.0,2013,42,,2543.0
2013 week 43,2679.0,2013,43,,2679.0
2013 week 44,2469.0,2013,44,,2469.0
2013 week 45,2503.0,2013,45,,2503.0
2013 week 46,2571.0,2013,46,,2571.0
2013 week 47,2565.0,2013,47,,2565.0
2013 week 48,2743.0,2013,48,,2743.0
2013 week 49,2598.0,2013,49,,2598.0
2013 week 50,2590.0,2013,50,,2590.0
2013 week 51,2787.0,2013,51,,2787.0
2013 week 52,2753.0,2013,52,,2753.0
2014 week 1 (5 days),1994.0,2014,1, (5 days),2766.0
2014 week 2,2819.0,2014,2,,2819.0
2014 week 3,2740.0,2014,3,,2740.0
2014 week 4,2710.0,2014,4,,2710.0
2014 week 5,2708.0,2014,5,,2708.0
2014 week 6,2855.0,2014,6,,2855.0
2014 week 7,2796.0,2014,7,,2796.0
2014 week 8,2753.0,2014,8,,2753.0
2014 week 9,2713.0,2014,9,,2713.0
2014 week 10,2763.0,2014,10,,2763.0
2014 week 11,2770.0,2014,11,,2770.0
2014 week 12,2662.0,2014,12,,2662.0
2014 week 13,2690.0,2014,13,,2690.0
2014 week 14,2707.0,2014,14,,2707.0
2014 week 15,2592.0,2014,15,,2592.0
2014 week 16,2609.0,2014,16,,2609.0
2014 week 17,2610.0,2014,17,,2610.0
2014 week 18,2528.0,2014,18,,2528.0
2014 week 19,2618.0,2014,19,,2618.0
2014 week 20,2620.0,2014,20,,2620.0
2014 week 21,2559.0,2014,21,,2559.0
2014 week 22,2511.0,2014,22,,2511.0
2014 week 23,2499.0,2014,23,,2499.0
2014 week 24,2428.0,2014,24,,2428.0
2014 week 25,2442.0,2014,25,,2442.0
2014 week 26,2483.0,2014,26,,2483.0
2014 week 27,2653.0,2014,27,,2653.0
2014 week 28,2569.0,2014,28,,2569.0
2014 week 29,2809.0,2014,29,,2809.0
2014 week 30,2659.0,2014,30,,2659.0
2014 week 31,2501.0,2014,31,,2501.0
2014 week 32,2540.0,2014,32,,2540.0
2014 week 33,2423.0,2014,33,,2423.0
2014 week 34,2478.0,2014,34,,2478.0
2014 week 35,2678.0,2014,35,,2678.0
2014 week 36,2630.0,2014,36,,2630.0
2014 week 37,2529.0,2014,37,,2529.0
2014 week 38,2594.0,2014,38,,2594.0
2014 week 39,2483.0,2014,39,,2483.0
2014 week 40,2639.0,2014,40,,2639.0
2014 week 41,2615.0,2014,41,,2615.0
2014 week 42,2646.0,2014,42,,2646.0
2014 week 43,2562.0,2014,43,,2562.0
2014 week 44,2647.0,2014,44,,2647.0
2014 week 45,2650.0,2014,45,,2650.0
2014 week 46,2779.0,2014,46,,2779.0
2014 week 47,2777.0,2014,47,,2777.0
2014 week 48,2782.0,2014,48,,2782.0
2014 week 49,2868.0,2014,49,,2868.0
2014 week 50,3097.0,2014,50,,3097.0
2014 week 51,3129.0,2014,51,,3129.0
2014 week 52,2962.0,2014,52,,2962.0
2015 week 1 (4 days),1910.0,2015,1, (4 days),3255.0
2015 week 2,3429.0,2015,2,,3429.0
2015 week 3,3377.0,2015,3,,3377.0
2015 week 4,3353.0,2015,4,,3353.0
2015 week 5,3322.0,2015,5,,3322.0
2015 week 6,3272.0,2015,6,,3272.0
2015 week 7,3311.0,2015,7,,3311.0
2015 week 8,3381.0,2015,8,,3381.0
2015 week 9,3207.0,2015,9,,3207.0
2015 week 10,3222.0,2015,10,,3222.0
2015 week 11,3086.0,2015,11,,3086.0
2015 week 12,3052.0,2015,12,,3052.0
2015 week 13,3084.0,2015,13,,3084.0
2015 week 14,2839.0,2015,14,,2839.0
2015 week 15,2888.0,2015,15,,2888.0
2015 week 16,2893.0,2015,16,,2893.0
2015 week 17,2829.0,2015,17,,2829.0
2015 week 18,2674.0,2015,18,,2674.0
2015 week 19,2741.0,2015,19,,2741.0
2015 week 20,2721.0,2015,20,,2721.0
2015 week 21,2566.0,2015,21,,2566.0
2015 week 22,2660.0,2015,22,,2660.0
2015 week 23,2595.0,2015,23,,2595.0
2015 week 24,2680.0,2015,24,,2680.0
2015 week 25,2559.0,2015,25,,2559.0
2015 week 26,2547.0,2015,26,,2547.0
2015 week 27,2848.0,2015,27,,2848.0
2015 week 28,2587.0,2015,28,,2587.0
2015 week 29,2567.0,2015,29,,2567.0
2015 week 30,2548.0,2015,30,,2548.0
2015 week 31,2490.0,2015,31,,2490.0
2015 week 32,2544.0,2015,32,,2544.0
2015 week 33,2529.0,2015,33,,2529.0
2015 week 34,2519.0,2015,34,,2519.0
2015 week 35,2527.0,2015,35,,2527.0
2015 week 36,2510.0,2015,36,,2510.0
2015 week 37,2599.0,2015,37,,2599.0
2015 week 38,2633.0,2015,38,,2633.0
2015 week 39,2683.0,2015,39,,2683.0
2015 week 40,2742.0,2015,40,,2742.0
2015 week 41,2690.0,2015,41,,2690.0
2015 week 42,2712.0,2015,42,,2712.0
2015 week 43,2832.0,2015,43,,2832.0
2015 week 44,2824.0,2015,44,,2824.0
2015 week 45,2692.0,2015,45,,2692.0
2015 week 46,2599.0,2015,46,,2599.0
2015 week 47,2806.0,2015,47,,2806.0
2015 week 48,2721.0,2015,48,,2721.0
2015 week 49,2759.0,2015,49,,2759.0
2015 week 50,2844.0,2015,50,,2844.0
2015 week 51,2881.0,2015,51,,2881.0
2015 week 52,2592.0,2015,52,,2592.0
2015 week 53 (4 days),1658.0,2015,53, (4 days),2920.0
2016 week 1,3173.0,2016,1,,3173.0
2016 week 2,3075.0,2016,2,,3075.0
2016 week 3,3062.0,2016,3,,3062.0
2016 week 4,3201.0,2016,4,,3201.0
2016 week 5,3103.0,2016,5,,3103.0
2016 week 6,3036.0,2016,6,,3036.0
2016 week 7,3027.0,2016,7,,3027.0
2016 week 8,3319.0,2016,8,,3319.0
2016 week 9,3185.0,2016,9,,3185.0
2016 week 10,3151.0,2016,10,,3151.0
2016 week 11,3062.0,2016,11,,3062.0
2016 week 12,3028.0,2016,12,,3028.0
2016 week 13,3037.0,2016,13,,3037.0
2016 week 14,3010.0,2016,14,,3010.0
2016 week 15,2767.0,2016,15,,2767.0
2016 week 16,2751.0,2016,16,,2751.0
2016 week 17,2742.0,2016,17,,2742.0
2016 week 18,2754.0,2016,18,,2754.0
2016 week 19,2952.0,2016,19,,2952.0
2016 week 20,2671.0,2016,20,,2671.0
2016 week 21,2713.0,2016,21,,2713.0
2016 week 22,2682.0,2016,22,,2682.0
2016 week 23,2587.0,2016,23,,2587.0
2016 week 24,2620.0,2016,24,,2620.0
2016 week 25,2597.0,2016,25,,2597.0
2016 week 26,2609.0,2016,26,,2609.0
2016 week 27,2693.0,2016,27,,2693.0
2016 week 28,2627.0,2016,28,,2627.0
2016 week 29,2753.0,2016,29,,2753.0
2016 week 30,2542.0,2016,30,,2542.0
2016 week 31,2500.0,2016,31,,2500.0
2016 week 32,2558.0,2016,32,,2558.0
2016 week 33,2568.0,2016,33,,2568.0
2016 week 34,2701.0,2016,34,,2701.0
2016 week 35,2591.0,2016,35,,2591.0
2016 week 36,2584.0,2016,36,,2584.0
2016 week 37,2725.0,2016,37,,2725.0
2016 week 38,2500.0,2016,38,,2500.0
2016 week 39,2665.0,2016,39,,2665.0
2016 week 40,2683.0,2016,40,,2683.0
2016 week 41,2934.0,2016,41,,2934.0
2016 week 42,2744.0,2016,42,,2744.0
2016 week 43,2948.0,2016,43,,2948.0
2016 week 44,2731.0,2016,44,,2731.0
2016 week 45,2912.0,2016,45,,2912.0
2016 week 46,2902.0,2016,46,,2902.0
2016 week 47,2908.0,2016,47,,2908.0
2016 week 48,2949.0,2016,48,,2949.0
2016 week 49,3042.0,2016,49,,3042.0
2016 week 50,3129.0,2016,50,,3129.0
2016 week 51,3072.0,2016,51,,3072.0
2016 week 52 (6 days),2860.0,2016,52, (6 days),3329.0
2017 week 1,3568.0,2017,1,,3568.0
2017 week 2,3637.0,2017,2,,3637.0
2017 week 3,3487.0,2017,3,,3487.0
2017 week 4,3626.0,2017,4,,3626.0
2017 week 5,3574.0,2017,5,,3574.0
2017 week 6,3446.0,2017,6,,3446.0
2017 week 7,3417.0,2017,7,,3417.0
2017 week 8,3328.0,2017,8,,3328.0
2017 week 9,3152.0,2017,9,,3152.0
2017 week 10,3054.0,2017,10,,3054.0
2017 week 11,2843.0,2017,11,,2843.0
2017 week 12,2778.0,2017,12,,2778.0
2017 week 13,2850.0,2017,13,,2850.0
2017 week 14,2764.0,2017,14,,2764.0
2017 week 15,2810.0,2017,15,,2810.0
2017 week 16,2713.0,2017,16,,2713.0
2017 week 17,2778.0,2017,17,,2778.0
2017 week 18,2769.0,2017,18,,2769.0
2017 week 19,2802.0,2017,19,,2802.0
2017 week 20,2801.0,2017,20,,2801.0
2017 week 21,2772.0,2017,21,,2772.0
2017 week 22,2701.0,2017,22,,2701.0
2017 week 23,2624.0,2017,23,,2624.0
2017 week 24,2643.0,2017,24,,2643.0
2017 week 25,2627.0,2017,25,,2627.0
2017 week 26,2691.0,2017,26,,2691.0
2017 week 27,2697.0,2017,27,,2697.0
2017 week 28,2520.0,2017,28,,2520.0
2017 week 29,2674.0,2017,29,,2674.0
2017 week 30,2571.0,2017,30,,2571.0
2017 week 31,2510.0,2017,31,,2510.0
2017 week 32,2657.0,2017,32,,2657.0
2017 week 33,2540.0,2017,33,,2540.0
2017 week 34,2545.0,2017,34,,2545.0
2017 week 35,2576.0,2017,35,,2576.0
2017 week 36,2570.0,2017,36,,2570.0
2017 week 37,2707.0,2017,37,,2707.0
2017 week 38,2715.0,2017,38,,2715.0
2017 week 39,2669.0,2017,39,,2669.0
2017 week 40,2641.0,2017,40,,2641.0
2017 week 41,2763.0,2017,41,,2763.0
2017 week 42,2706.0,2017,42,,2706.0
2017 week 43,2676.0,2017,43,,2676.0
2017 week 44,2726.0,2017,44,,2726.0
2017 week 45,2797.0,2017,45,,2797.0
2017 week 46,2916.0,2017,46,,2916.0
2017 week 47,2917.0,2017,47,,2917.0
2017 week 48,2886.0,2017,48,,2886.0
2017 week 49,3027.0,2017,49,,3027.0
2017 week 50,3218.0,2017,50,,3218.0
2017 week 51,3079.0,2017,51,,3079.0
2017 week 52,3187.0,2017,52,,3187.0
2018 week 1,3343.0,2018,1,,3343.0
2018 week 2,3359.0,2018,2,,3359.0
2018 week 3,3364.0,2018,3,,3364.0
2018 week 4,3322.0,2018,4,,3322.0
2018 week 5,3403.0,2018,5,,3403.0
2018 week 6,3513.0,2018,6,,3513.0
2018 week 7,3660.0,2018,7,,3660.0
2018 week 8,3691.0,2018,8,,3691.0
2018 week 9,3937.0,2018,9,,3937.0
2018 week 10,4092.0,2018,10,,4092.0
2018 week 11,3733.0,2018,11,,3733.0
2018 week 12,3430.0,2018,12,,3430.0
2018 week 13,3225.0,2018,13,,3225.0
2018 week 14,3040.0,2018,14,,3040.0
2018 week 15,2860.0,2018,15,,2860.0
2018 week 16,2760.0,2018,16,,2760.0
2018 week 17,2663.0,2018,17,,2663.0
2018 week 18,2645.0,2018,18,,2645.0
2018 week 19,2641.0,2018,19,,2641.0
2018 week 20,2606.0,2018,20,,2606.0
2018 week 21,2674.0,2018,21,,2674.0
2018 week 22,2776.0,2018,22,,2776.0
2018 week 23,2679.0,2018,23,,2679.0
2018 week 24,2557.0,2018,24,,2557.0
2018 week 25,2601.0,2018,25,,2601.0
2018 week 26,2619.0,2018,26,,2619.0
2018 week 27,2726.0,2018,27,,2726.0
2018 week 28,2671.0,2018,28,,2671.0
2018 week 29,2704.0,2018,29,,2704.0
2018 week 30,2767.0,2018,30,,2767.0
2018 week 31,2760.0,2018,31,,2760.0
2018 week 32,2745.0,2018,32,,2745.0
2018 week 33,2605.0,2018,33,,2605.0
2018 week 34,2612.0,2018,34,,2612.0
2018 week 35,2527.0,2018,35,,2527.0
2018 week 36,2613.0,2018,36,,2613.0
2018 week 37,2539.0,2018,37,,2539.0
2018 week 38,2706.0,2018,38,,2706.0
2018 week 39,2696.0,2018,39,,2696.0
2018 week 40,2806.0,2018,40,,2806.0
2018 week 41,2760.0,2018,41,,2760.0
2018 week 42,2739.0,2018,42,,2739.0
2018 week 43,2671.0,2018,43,,2671.0
2018 week 44,2815.0,2018,44,,2815.0
2018 week 45,2798.0,2018,45,,2798.0
2018 week 46,2761.0,2018,46,,2761.0
2018 week 47,2859.0,2018,47,,2859.0
2018 week 48,2907.0,2018,48,,2907.0
2018 week 49,2968.0,2018,49,,2968.0
2018 week 50,3017.0,2018,50,,3017.0
2018 week 51,3041.0,2018,51,,3041.0
2018 week 52,2901.0,2018,52,,2901.0
2019 week 1 (6 days)*,2606.0,2019,1, (6 days)*,3062.0
2019 week 2*,3262.0,2019,2,,3262.0
2019 week 3*,3150.0,2019,3,,3150.0
2019 week 4*,3178.0,2019,4,,3178.0
2019 week 5*,3143.0,2019,5,,3143.0
2019 week 6*,3185.0,2019,6,,3185.0
2019 week 7*,3252.0,2019,7,,3252.0
2019 week 8*,3222.0,2019,8,,3222.0
2019 week 9*,3066.0,2019,9,,3066.0
2019 week 10*,3171.0,2019,10,,3171.0
2019 week 11*,3227.0,2019,11,,3227.0
2019 week 12*,3042.0,2019,12,,3042.0
2019 week 13*,3013.0,2019,13,,3013.0
2019 week 14*,2900.0,2019,14,,2900.0
2019 week 15*,2900.0,2019,15,,2900.0
2019 week 16*,3040.0,2019,16,,3040.0
2019 week 17*,2957.0,2019,17,,2957.0
2019 week 18*,2806.0,2019,18,,2806.0
2019 week 19*,2771.0,2019,19,,2771.0
2019 week 20*,2821.0,2019,20,,2821.0
2019 week 21*,2873.0,2019,21,,2873.0
2019 week 22*,2732.0,2019,22,,2732.0
2019 week 23*,2736.0,2019,23,,2736.0
2019 week 24*,2650.0,2019,24,,2650.0
2019 week 25*,2694.0,2019,25,,2694.0
2019 week 26*,2835.0,2019,26,,2835.0
2019 week 27*,2725.0,2019,27,,2725.0
2019 week 28*,2760.0,2019,28,,2760.0
2019 week 29*,2584.0,2019,29,,2584.0
2019 week 30*,3007.0,2019,30,,3007.0
2019 week 31*,2731.0,2019,31,,2731.0
2019 week 32*,2628.0,2019,32,,2628.0
2019 week 33*,2612.0,2019,33,,2612.0
2019 week 34*,2615.0,2019,34,,2615.0
2019 week 35*,2782.0,2019,35,,2782.0
2019 week 36*,2555.0,2019,36,,2555.0
2019 week 37*,2640.0,2019,37,,2640.0
2019 week 38*,2580.0,2019,38,,2580.0
2019 week 39*,2753.0,2019,39,,2753.0
2019 week 40*,2713.0,2019,40,,2713.0
2019 week 41*,2911.0,2019,41,,2911.0
2019 week 42*,2877.0,2019,42,,2877.0
2019 week 43*,2867.0,2019,43,,2867.0
2019 week 44*,2852.0,2019,44,,2852.0
2019 week 45*,3011.0,2019,45,,3011.0
2019 week 46*,3057.0,2019,46,,3057.0
2019 week 47*,3019.0,2019,47,,3019.0
2019 week 48*,3037.0,2019,48,,3037.0
2019 week 49*,3013.0,2019,49,,3013.0
2019 week 50*,3148.0,2019,50,,3148.0
2019 week 51*,3235.0,2019,51,,3235.0
2019 week 52*,2997.0,2019,52,,2997.0
2020 week 1 (5 days)*,2242.0,2020,1, (5 days)*,3094.0
2020 week 2*,3364.0,2020,2,,3364.0
2020 week 3*,3151.0,2020,3,,3151.0
2020 week 4*,3040.0,2020,4,,3040.0
2020 week 5*,3157.0,2020,5,,3157.0
2020 week 6*,3188.0,2020,6,,3188.0
2020 week 7*,3195.0,2020,7,,3195.0
2020 week 8*,2953.0,2020,8,,2953.0
2020 week 9*,3087.0,2020,9,,3087.0
2020 week 10*,3088.0,2020,10,,3088.0
2020 week 11*,3209.0,2020,11,,3209.0
2020 week 12*,3586.0,2020,12,,3586.0
2020 week 13*,4425.0,2020,13,,4425.0
2020 week 14*,5098.0,2020,14,,5098.0
